Articoli da Cambiare,Status,Result
http://www.disegnoepittura.it/materiali-per-pittura-ad-olio/,,
http://www.disegnoepittura.it/19-tutorial-dipingere-cieli-nuvole-ipaesaggio/,,
http://www.disegnoepittura.it/colori-acrilici/,,
http://www.disegnoepittura.it/prospettiva-accidentale/,,
http://www.disegnoepittura.it/prospettiva-centrale/,,
http://www.disegnoepittura.it/canestra-di-frutta-di-caravaggio-copia/,,
http://www.disegnoepittura.it/disegnare-paesaggio-cittadino-prospettiva-accidentale/,,
http://www.disegnoepittura.it/corso-pittura-olio-artisti-principianti-2/,,
http://www.disegnoepittura.it/dipingere-mare-tramonto/,,
