Query,Impressioni,Posizione
colori primari,15798,10
colori complementari,6828,"2,7"
mondo artista,2131,"4,7"
pennello,1827,"1,1"
colori primari e secondari,1695,"7,7"
prospettiva centrale,1666,"6,8"
colori secondari,1594,"8,2"
prospettiva accidentale,1021,"1,4"
tabella per mescolare i colori,963,"4,4"
materiale da disegno e pittura,940,"6,2"
i colori primari,886,10
quali sono i colori primari,830,11
pittura ad olio,829,"4,6"
campitura,760,"5,7"
tabella colori primari,736,"2,9"
colori ad olio,724,"8,2"
punto di fuga,626,"3,8"
grisaglia,587,"7,3"
anamorfosi,583,5
pittura materica,562,"2,5"
tavolozza colori,542,"9,5"
quali sono i colori complementari,519,"3,1"
gesso di bologna,518,"7,6"
pittura a olio,496,"5,5"
colla di coniglio,477,"4,4"
prospettiva aerea,455,"8,7"
quadri materici,403,"7,3"
corso di pittura,400,"8,3"
campiture,396,"4,7"
proporzioni corpo umano,392,"7,7"
blu e rosso che colore esce,385,"4,2"
dipingere sassi,383,"8,6"
colori a olio,377,"8,5"
imprimitura,377,"4,3"
dipingere a olio,366,"3,6"
dipingere ad olio,364,"3,3"
disegni su tela,360,1
colore complementare,325,"4,7"
rosso e verde che colore esce,325,"4,5"
naso disegno,312,"6,7"
velatura pittura,305,"6,8"
dipingere i sassi,297,"9,9"
i colori complementari,296,"1,1"
come dipingere i sassi,291,"9,6"
colori primari e combinazioni,274,"7,1"
acrilico su tela,265,"6,1"
pittura acrilica,257,11
campitura significato,256,8
giallo e blu che colore esce,252,"3,9"
colore bistro,247,"5,3"
mischiare colori,246,"2,8"
libri disegno,240,"4,8"
imparare a dipingere,239,11
velatura,237,10
colori acrilici su tela,229,"5,8"
viola e giallo che colore diventa,229,1
come mescolare i colori,226,"2,8"
paesaggi da dipingere,226,1
saturazione colore,224,"6,9"
disegni sui sassi,222,"5,1"
come fare una caricatura,218,2
certificato di autenticità,212,"1,7"
giallo e verde,202,"8,8"
come diluire i colori ad olio,201,"2,6"
bistro colore,200,"6,6"
tramonto disegno,196,1
disegni carboncino,193,"4,7"
come si ottiene il giallo,188,"8,7"
come si usano i colori acrilici,187,"7,4"
apprettatura,186,8
mescolare i colori per ottenere le tinte desiderate,185,"2,2"
corso di pittura per principianti,182,"6,1"
dipingere sui sassi,179,"3,4"
rosso e blu che colore esce,178,"4,7"
materiali da disegno e pittura,176,"6,3"
come dipingere il mare,175,"7,3"
punti di fuga,174,"3,5"
colori secondari quali sono,171,"8,9"
mescolare i colori,171,"6,9"
pittura ad olio tecnica,169,"4,3"
dipingere acrilico,163,"7,7"
pittura olio,163,"5,2"
come vendere quadri,162,"8,3"
blu e verde che colore esce,161,4
libri per imparare a disegnare,158,"1,4"
blu e giallo che colore esce,154,"4,9"
pittura a olio tecnica,154,"4,3"
giallo ocra scuro,154,"4,1"
dipingere il mare,151,"3,3"
come pulire i pennelli da pittura,147,"8,7"
paesaggi ad acquerello,146,"1,5"
complementari colori,146,"1,1"
sassi dipinti a mano tutorial,142,"8,9"
dipinti ad olio da copiare,141,8
disegno e pittura,140,1
vernice damar,139,"1,6"
come disegnare la bocca,138,"8,5"
dipingere con acrilici,137,"9,1"
verde più giallo,136,"5,5"
giallo e verde mischiati,136,"4,9"
colore complementare del rosa,134,6
arte materica,133,"7,5"
campire,133,7
come dipingere ad olio,133,"4,9"
giallo e verde che colore esce,132,4
come disegnare un paesaggio,131,"1,1"
velature pittura,130,"3,9"
aceo,129,"1,8"
come mischiare i colori,128,"8,9"
vendere dipinti,128,"8,1"
giallo più verde,128,"4,1"
sassi dipinti a mano tecnica,127,"2,9"
colori primari e complementari,127,"1,1"
paolo tagliaferro,126,"1,9"
corsi di pittura,125,10
disegno acquarello,125,7
disegno onda,125,"6,6"
vendere disegni online,125,"3,7"
complementare del viola,125,"3,7"
mischiare i colori,125,"2,4"
disegno tramonto,124,"1,1"
come disegnare il naso,123,"8,2"
colori primari secondari e terziari,123,"7,6"
quadri da copiare,123,"1,1"
come dipingere i sassi di fiume,120,"6,9"
colori complementari tabella,120,"5,1"
nero e rosso che colore esce,117,"5,5"
prospettiva frontale,115,"7,7"
i colori primari e secondari,115,"7,7"
la prospettiva,112,11
colori complementari marrone,112,"8,9"
certificato di autenticità pdf,112,"5,2"
disegno orecchio,112,"3,2"
colore complementare del rosso,112,"1,4"
composizione colori,110,10
grigio caldo,109,"6,9"
imprimitura per pittura ad olio,108,"1,1"
colori contrastanti,107,"9,8"
come si diluiscono i colori acrilici,107,7
marrone e rosso che colore esce,107,"3,4"
disegni da scaricare per pittura su stoffa,107,"1,4"
certificato di autenticità da stampare,106,"1,3"
campire significato,104,"8,2"
tavola cromatica,103,6
uomo vitruviano misure,103,4
prodotti per pittura,102,"5,4"
ruben belloso,102,"4,4"
cornici in polistirolo per quadri,102,"1,1"
complementare del blu,102,1
complementare verde,101,"1,4"
colori del tramonto,99,"8,5"
complementare del rosso,99,"1,1"
colori complementari blu,99,1
vendita opere d'arte normativa fiscale,98,"9,3"
come usare i colori ad olio,98,"2,6"
il complementare dell'arancione,98,1
dipinti paesaggi primaverili,97,"3,5"
come si usano i colori ad olio,96,"4,1"
tavolozza pittore,95,"8,8"
disegno carboncino,95,"7,3"
tecniche di pittura a olio,95,"5,5"
disegnare caricature,95,"4,1"
dipingere paesaggi,95,"2,6"
come si dipingono i sassi,94,"7,9"
viola e giallo,94,"2,9"
giallo viola cosa esce,93,"4,1"
materiale disegno e pittura,92,"3,5"
verde e arancione che colore esce,92,"3,5"
la prospettiva centrale,91,"7,2"
chiaroscuro tecnica,91,"5,6"
giallo e viola,91,"2,7"
linea dell'orizzonte,89,"6,1"
rosso + blu che colore esce,89,"4,4"
mescolare colori,88,"3,7"
natura morta disegni,88,"1,1"
dipingere sassi tutorial,87,"6,1"
caricature disegni,87,"3,3"
prospettiva dall'alto,86,4
colori a olio come si usano,86,"2,6"
colori olio,85,10
vendita opere d'arte da privato,85,"7,2"
rosso e giallo che colore esce,85,"4,1"
complementare del verde,85,1
colore complementare del blu,85,1
proporzioni corpo,84,8
come disegnare una caricatura,84,"2,5"
disegno a carboncino,83,"7,1"
viola e verde,83,"2,9"
come miscelare i colori,81,"6,8"
come fare caricature,81,"4,5"
ritratti ad olio,81,"4,5"
lezioni di pittura ad olio,81,"3,6"
proporzioni viso,80,"7,9"
disegnare bocca,80,"6,9"
complementare dell'arancione,80,"5,1"
arancione e viola cosa esce,80,"2,9"
come dipingere le onde del mare,79,"5,2"
disegno paesaggio marino,79,"4,5"
olio di papavero,79,"3,6"
scala cromatica colori,78,"9,9"
dipingere con colori acrilici,78,"8,6"
giallo e nero che colore esce,78,"4,7"
cosa sono i colori complementari,78,"3,9"
tecnica pittura ad olio,76,"5,7"
grasso magro,76,"5,2"
come disegnare il mare,76,"4,3"
verde e blu che colore esce,76,4
certificato autenticità,76,"1,4"
dipinti sul mare,76,1
pittura su sassi,75,"3,5"
colori complementari quali sono,75,"3,4"
proporzioni viso disegno,75,2
colore saturo,74,"7,6"
disegnare sui sassi,74,7
verde e giallo che colore esce,74,"4,8"
colori primari pittura,74,"4,8"
verde e rosso che colore esce,74,"4,1"
come si ottiene il giallo mischiando i colori,74,1
disegnare naso,73,"8,9"
colori primari e derivati,73,"4,7"
complementare rosso,73,"3,3"
verdaccio,73,"2,1"
pittura acrilico per principianti,72,"8,2"
verde e rosso mischiati,72,"4,8"
vendere disegni,72,"4,4"
come si dipinge a olio,72,"4,3"
rosso e giallo mischiati,72,"3,3"
dipingere le pietre,71,"6,8"
verde e viola che colore esce,71,"2,6"
acquerelli paesaggi da copiare,71,"1,5"
come vendere un quadro fatto da me,71,1
vernice finale per acrilici,70,"8,9"
disegnare su tela,70,4
ruota colori complementari,70,"3,1"
teoria dei colori complementari,70,"2,8"
complementare del giallo,70,1
come fare le caricature,69,"2,8"
natura morta disegno,69,1
come si ottiene il giallo ocra,67,"7,9"
come disegnare le onde del mare,67,"7,2"
come vendere i propri quadri,67,"4,6"
colori derivati,67,"4,2"
sassi dipinti tecnica,67,"3,9"
come disegnare caricature,67,2
tigre disegno a matita,67,2
fotografare quadri,66,"6,9"
verde e blu mischiati,66,"5,1"
come disegnare il mare a matita,66,1
dipinti sui sassi,65,"5,4"
dipingere il mare ad olio,65,"2,2"
blu più verde,64,"6,3"
da il verde con il giallo,64,"4,1"
come dipingere sui sassi,64,"3,5"
come fare caricature a mano,64,"3,4"
corso di pittura ad olio,64,3
prospettiva centrale di un cubo,64,"1,1"
guadagnare disegnando,63,"6,1"
pietre dipinte tecnica,63,"5,8"
rosso e arancione,63,"3,1"
tavolozza colori disegno,62,"2,1"
colore complementare del giallo,62,"1,1"
tipi di inquadrature fotografiche,61,"8,9"
prospettiva a volo d'uccello,61,"8,1"
dipingere sassi cactus,61,7
giallo primario,61,"6,7"
come dipingere a olio,61,"5,1"
blu più rosso,61,"4,1"
giallo e arancione,61,"2,8"
olio di lino pittura,60,"5,6"
giallo e rosso che colore viene,60,5
colori per dipingere sui sassi,60,"3,7"
imprimitura tela,60,2
colori base per dipingere,60,1
dove posso vendere i miei quadri,59,"9,4"
vendita occasionale di quadri,59,"4,8"
come mescolare i colori per ottenere le tinte desiderate,59,"4,5"
viola e blu che colore esce,59,"2,7"
complementare giallo,59,"2,3"
velatura pittura ad olio,59,"1,6"
prospettiva punto di fuga,59,"1,5"
dipingere acrilico tutorial,58,"9,3"
corso di pittura gratis,58,"8,1"
vendere i propri quadri,58,"5,7"
rosso e bianco che colore esce,58,4
artista pittore inquadramento fiscale,58,"3,3"
apertura braccia uguale altezza,58,2
canestro di frutta caravaggio,57,14
i colori del tramonto,57,10
fanno i volti con i pennelli,57,"8,6"
rosso più giallo,57,"4,6"
partita iva per artisti,57,"2,1"
campitura disegno tecnico,56,"7,8"
pittura acrilica su tela,56,"7,2"
colori complementari scuola primaria,56,"2,6"
disegni su pietre,56,"2,1"
pittura ad olio velature,56,"1,4"
arancione e verde,55,"5,9"
certificato di autenticità quadri,55,"1,6"
colla di coniglio e gesso,55,"1,1"
dipinti facili da copiare,55,1
quadri materici con stucco,54,"7,9"
come autenticare un quadro,54,6
dipingere un volto ad olio passo dopo passo,54,"5,1"
partita iva agevolata per artisti,54,5
tecnica della velatura,54,"4,3"
ruben belloso adorna,53,7
rosso e viola che colore esce,53,4
grisaglia pittura ad olio,53,"1,1"
grisaglia pittura,53,1
tecnica chiaroscuro,52,"9,9"
dipinti su sassi,52,"7,7"
cos'è la prospettiva,52,"6,5"
verde e arancione,52,"5,4"
rosso e nero che colore esce,52,"5,3"
pittura su pietra,52,"2,5"
partita iva artista,52,"2,2"
colore terra di siena bruciata,52,"1,5"
pittori iperrealisti italiani,52,1
tecnica del pastello,51,"9,5"
prospettiva centrale spiegazione,51,"7,9"
tecnica ad olio,51,7
come disegnare in prospettiva accidentale,51,"4,5"
rosso e marrone che colore esce,51,"3,2"
blog di arte,50,12
dipingere un volto,50,7
materiale da disegno e pittura elenco,50,"4,9"
vendere i propri disegni su internet,50,"3,2"
tecnica chiaroscuro a colori,50,3
complementare blu,50,1
quadri con stucco e colla vinilica,49,"5,6"
disegnare con l'ago,49,4
arancione e blu che colore esce,49,"3,7"
dipingere olio,49,"3,2"
campitura piatta,49,"2,1"
corso di pittura ad olio per principianti,49,"1,9"
underpainting,49,"1,4"
disegnare nuvole,49,1
come usare colori acrilici,48,"8,8"
cos'è il medium per pittura,48,"8,1"
come fare una velatura,48,"7,1"
come dipingere un albero,48,"3,9"
viola e verde che colore esce,48,"3,1"
corso pittura olio,48,"2,3"
disegnare un paesaggio,48,"1,3"
certificato autenticità opera d'arte modello,48,1
vernice finale per olio,48,1
come dipingere un paesaggio,47,"8,3"
dipingere sui sassi idee,47,"8,3"
dipinto ad olio,47,"7,9"
nero e giallo che colore esce,47,"5,8"
proporzioni corpo umano misure,47,"5,2"
sistema munsell,47,"3,4"
certificato di autenticità quadri fac simile,47,"1,3"
ho quadri da vendere,46,"9,7"
tavolozze colori,46,"9,6"
colori primari e colori secondari,46,"9,1"
colori acrilici su muro,46,"6,1"
come dipingere un volto,46,"5,8"
rosso piu verde,46,"5,7"
disegno tigre colorata,46,"4,7"
colori ad olio come si usano,46,"3,3"
giallo e viola che colore esce,46,3
pittura a olio tecnica ritratto,46,"2,6"
come ricalcare un disegno su tela,46,"2,3"
vendita opere del proprio ingegno fisco,45,"6,4"
colori olio per viso,45,4
tutorial acquerello paesaggi,45,"3,4"
colori primari secondari terziari e complementari,45,"3,2"
tutorial pittura olio,45,"3,2"
giallo e marrone che colore esce,45,"3,2"
campiture piatte,45,2
tabella colori primari e secondari,45,2
come disegnare un pulcino,45,1
sassi dipinti fiori,44,11
ritratti ad acquerello,44,"7,2"
manuale disegno artistico,44,"6,9"
disegni a carboncino ritratti,44,"3,9"
un colore secondario,44,"3,4"
tabella dei colori primari,44,"2,5"
dipingere alberi,44,"2,1"
libro per imparare a disegnare,44,"1,2"
disegno pittura,44,"1,1"
arancione e blu,43,"7,7"
come copiare un disegno,43,"7,7"
dipingere il cielo,43,"5,5"
libri di disegno,43,"5,2"
colori per dipingere sassi,43,"4,9"
come fare linee dritte sul muro,43,"3,9"
vendere disegni fatti a mano,43,"3,4"
come disegnare un paesaggio a matita,43,"2,6"
tavole munsell,43,"2,1"
modello certificato autenticità,43,"1,4"
prospettiva angolare,42,"9,3"
ritratto acquerello,42,"7,9"
vernice finale per quadri acrilici,42,"7,8"
dipingere cielo e mare,42,"4,3"
dipingere sassi tecnica,42,"3,6"
pittura materica come fare,42,3
tramonti dipinti ad olio,42,"2,5"
prospettiva centrale di un paesaggio,42,"1,3"
sfondi per ritratti ad olio,41,6
come dipingere la sabbia ad olio,41,"5,1"
miscelare i colori,41,5
velatura tecnica,41,4
partita iva come artista,41,"3,7"
blu e arancione che colore esce,41,"3,6"
schiarire pittura pareti,41,"3,2"
immagini da dipingere su tela,41,"2,3"
come scurire il giallo,41,1
libri per disegnare,41,1
come ottenere il giallo ocra,40,"6,8"
verde colore primario,40,"6,7"
come si prepara una tela per pittura ad olio,40,"6,4"
come dipingere il mare ad olio,40,"6,2"
vendere opere del proprio ingegno senza partita iva,40,6
come guadagnare disegnando,40,5
linee di fuga,40,"2,4"
occhio umano disegno,40,1
fare caricature,39,9
bob ross italia,39,"6,5"
colori per sassi,39,5
vernice finale,39,"1,5"
formazione colori,39,"1,1"
pittura paesaggi,38,"9,1"
proporzioni corpo umano femminile,38,"5,3"
dipingere a olio tecnica,38,"4,6"
diluire colori ad olio,38,"2,3"
certificato di autenticita pittura,38,1
disegni con matite colorate,38,1
pittura materica su tela,38,1
lavori in cui si disegna,37,"7,5"
proporzioni del viso,37,"6,3"
come fare verde acqua,37,"5,2"
come si ottiene il verde scuro,37,"4,8"
come dipingere sassi,37,"4,1"
disegno cielo,37,"4,1"
rosa e arancione che colore esce,37,4
vendere i propri disegni,37,"3,2"
blog pittura,37,"1,9"
colori ad olio come usarli,37,"1,3"
disegni a matite colorate,37,1
cerco pittore per ritratto,36,"6,8"
blu più giallo,36,"4,4"
come fare il verde chiaro,36,"4,1"
cos'è il punto di fuga,36,"3,9"
bianco e marrone che colore esce,36,"3,6"
verde e marrone che colore esce,36,3
vendita occasionale opere d'arte,36,"2,9"
colori.complementari,36,"2,8"
come si mischiano i colori,36,"2,7"
porta pennelli pittura,36,"2,6"
trasferire disegno su tela,36,"2,1"
tavola dei colori primari e secondari,36,2
blu e viola che colore danno,36,1
come disegnare l'uomo vitruviano,36,1
dichiarazione di autenticità,35,"7,2"
manuali disegno,35,"6,2"
lezioni di pittura ad olio in italiano,35,"5,6"
rosso e verde mischiati,35,"5,3"
dipingere autodidatta,35,"5,1"
verde e blu cosa esce,35,"4,3"
rosa e giallo che colore esce,35,4
pittura ad olio tutorial,35,"3,7"
materiale pittura,35,"3,1"
pitture ad olio,35,"2,1"
colore ad olio,34,"9,7"
acrilico su carta,34,"7,1"
acrilici su tela,34,"5,1"
mischiare i colori primari,34,"4,6"
arancione e verde che colore esce,34,4
azzurro e rosa che colore esce,34,"3,9"
come dipingere la schiuma del mare,34,"3,1"
prospettiva centrale definizione,34,"1,6"
matite colorate tecnica,34,"1,1"
linea orizzonte prospettiva,34,1
colori promari,33,10
dipingere il mare acrilico,33,"8,7"
come copiare un disegno perfettamente,33,"8,6"
come dipingere riflessi sull'acqua,33,"6,7"
diluente per colori ad olio,33,"5,7"
caravaggio disegni,33,"5,3"
viola più giallo,33,5
giallo più verde che colore da,33,"3,5"
blu e marrone che colore esce,33,"3,4"
come realizzare quadri materici,33,"3,4"
gesso acrilico su tela,33,"2,8"
dipingere un albero,33,"1,9"
pittori iperrealisti italiani contemporanei,33,1
come si ottiene il giallo ocra per pareti,32,"9,1"
armonia di colori,32,"8,7"
concorsi disegno online,32,"6,8"
pennarelli indelebili per sassi,32,"6,6"
corso di pittura a olio,32,"3,8"
partita iva artisti,32,"3,3"
dipingere il mare ad acquerello,32,"2,4"
come usare colori ad olio,32,"2,3"
come disegnare un orecchio,32,2
libri sul disegno,32,"1,8"
paesaggi da dipingere ad olio,32,"1,2"
come fare un certificato di autenticità,32,1
quadri materici con gesso,32,1
dipinti su pietra,31,"5,3"
teoria delle ombre pittura,31,5
mescolare colori primari,31,5
grigio e rosso che colore esce,31,"4,9"
panneggio disegno,31,"3,9"
tecniche pittura olio,31,"3,9"
caravaggio tecnica,31,"3,1"
dipingere su pietra,31,"2,5"
colore opposto al verde,31,"2,3"
colore complementare blu,31,"1,2"
tabella cromatica,30,"9,6"
copiare un disegno,30,8
sezione aurea pittura,30,7
come colorare con i pastelli,30,7
pennarelli per dipingere sassi,30,"6,9"
giallo blu e rosso che colore formano,30,"5,9"
vivere di pittura,30,"5,4"
disegnare con il carboncino,30,"5,2"
come dipingere nuvole,30,4
uomo vitruviano proporzioni,30,"3,2"
linea d'orizzonte,30,3
viola e giallo che colore esce,30,3
come trasferire un disegno su tela,30,"2,4"
come disegnare una casa in prospettiva,30,"2,1"
materiali disegno e pittura,30,1
pulire pennelli senza acquaragia,29,"8,9"
lezioni di pittura a spatola,29,"8,6"
disegni a carboncino da copiare,29,"8,6"
coppie di colori,29,"8,4"
anamorfismo tecnica,29,8
grigio e blu che colore esce,29,"6,3"
dipingere a spatola tecnica,29,"5,9"
disegnare con carboncino,29,"5,2"
giallo e grigio che colore esce,29,"5,1"
verde+blu che colore esce,29,"4,4"
come si usa il pennello a ventaglio in pittura,29,"3,8"
dipingere la sabbia del mare,29,"3,7"
giallo più viola,29,"3,6"
arancione e rosso che colore esce,29,3
blu e viola che colore esce,29,3
giallo più blu che colore da,29,"2,4"
proporzioni testa corpo,29,2
armonia dei colori,29,"1,5"
pitturare i sassi,28,10
vendita opere d'arte normativa,28,"9,6"
colori per dipingere su marmo,28,"9,4"
disegno anamorfico,28,"8,6"
disegnare il naso,28,"7,9"
tecniche pittura colori acrilici,28,"6,6"
corpo uomo disegno,28,"5,8"
proporzioni corpo umano maschile,28,"5,5"
rosso e rosa che colore esce,28,"4,9"
marrone e blu cosa esce,28,"4,8"
blu verde che colore esce,28,"4,4"
viola + giallo,28,4
marrone e verde che colore esce,28,3
complementare del rosa,28,"2,9"
dipingere le ombre,28,"2,4"
come si fa una caricatura,28,"2,3"
prospettiva a piano inclinato,28,"2,3"
rosso e arancione che colore danno,28,2
pittura materica tecnica,28,"1,8"
tecnica matite colorate,28,"1,7"
campiture cromatiche,28,"1,5"
come dipingere con i colori ad olio,28,"1,5"
rosso e verde colori complementari,28,1
prospettiva di un cubo,28,1
i migliori colori ad olio,27,9
mare in tempesta disegno,27,"7,5"
prospettiva accidentale di una stanza,27,"7,2"
proporzioni viso femminile,27,"6,8"
pittura materica significato,27,"5,8"
verde blu che colore esce,27,"4,4"
misure e proporzioni del corpo umano,27,"3,9"
come vendere i propri disegni,27,"3,2"
colori primari secondari e complementari,27,3
ritratto a olio tecnica,27,"2,4"
quadri materici tecnica,27,"2,4"
fare una caricatura,27,"2,1"
tecnica della grisaglia,27,"1,2"
punto di fuga significato,27,"1,1"
natura morta semplice da disegnare,27,1
lavorare disegnando,26,11
disegnare per lavoro,26,"9,1"
sassi da dipingere a mano,26,8
disegnare la bocca,26,"7,3"
colore incarnato olio,26,"6,5"
colori opposti e complementari,26,6
guadagnare disegnando online,26,5
come fotografare un quadro,26,"4,8"
come dipingere un ritratto,26,"4,5"
armonia colori,26,"2,7"
come disegnare un tramonto a matita,26,"2,5"
quadri materici fai da te,26,"2,5"
pulire quadri ad olio patata,26,2
caricatura disegno,26,2
libri sulla pittura,26,"1,2"
imprimitura legno,26,"1,1"
come disegnare le nuvole,26,1
colorare sassi,25,10
disegno bocca sorridente,25,"7,3"
colori ad olio migliori marche,25,"5,7"
grigio e verde che colore esce,25,"5,1"
dipingere con colori ad olio,25,"2,9"
prospettiva accidentale definizione,25,"2,7"
se mischio verde e blu che colore esce,25,"2,1"
guadagnare con l'arte,25,"1,8"
come disegnare una montagna,25,"1,4"
punto di vista prospettiva,25,"1,1"
come scurire il verde,25,1
pulire pennelli olio,25,1
certificato autenticità quadro,25,1
come dipingere le nuvole sulle pareti,24,10
corso pittura online,24,"7,8"
colori primario,24,"7,5"
manuale pittura acrilico pdf,24,"7,4"
colorare con i pastelli,24,7
olio di lino per pittura,24,"5,3"
mescolando rosso e verde,24,"5,1"
verde + blu uguale,24,"4,8"
imprimitura tela con vinavil,24,"4,5"
come fare un ritratto ad olio,24,"4,1"
come dipingere un ritratto ad olio,24,"4,1"
olio di lino per pittura ad olio,24,4
dipingere un ritratto,24,4
come dipingere le nuvole,24,"3,9"
colori complementari cosa sono,24,"3,9"
complementare rosa,24,"3,7"
colla di coniglio come si usa,24,"3,6"
verde e nero che colore esce,24,"3,6"
bianco e giallo che colore esce,24,"3,4"
arancione e giallo,24,"3,1"
come si fanno le caricature,24,"2,2"
viola e arancione che colore esce,24,2
velature ad olio,24,"1,8"
disegnare un tramonto sul mare,24,"1,6"
sassi dipinti animali,23,9
come vendere quadri d'autore,23,"8,7"
rosa piu blu,23,"8,7"
prospettiva centrale di un solido,23,"7,1"
tipi di prospettiva nell'arte,23,"6,7"
dipingere con la terra,23,"6,1"
testa corpo umano,23,6
tecniche pittura ad olio,23,"5,8"
come fare righe dritte sul muro,23,4
pittore iperrealista italiano,23,"3,6"
bob ross pittore,23,"3,2"
cosa scrivere dietro un quadro,23,"2,2"
campiture di colore,23,"2,1"
giallo più arancione,23,"2,1"
come fare una caricatura a mano,23,2
tecnica del chiaroscuro in pittura,23,2
colore opposto al rosso,23,"1,1"
autentica quadro,23,1
disegni mare al tramonto,23,1
dipinto materico,23,1
corso di pittura ad olio youtube,22,13
pittura su parete,22,"9,6"
come colorare i sassi,22,"9,5"
miscela colori,22,"8,9"
caricature tutorial,22,8
come vendere i propri quadri su internet,22,"7,6"
come dipingere l'acqua ad olio,22,5
prospettiva in pittura,22,"4,2"
arancione più blu,22,"4,1"
come dipingere le pieghe dei vestiti,22,"3,9"
imparare la prospettiva,22,"3,5"
cielo con le nuvole,22,"3,5"
colori complementari significato,22,"3,4"
colori complementari rosso,22,"2,9"
colori delle terre,22,"2,6"
prospettiva accidentale wikipedia,22,"2,6"
materiale di disegno e pittura,22,"2,5"
prospettiva accidentale di un edificio,22,2
cornici di polistirolo per quadri,22,"1,3"
colori ad olio trasparenti,22,"1,1"
scala di grigi pittura,22,1
paesaggi da dipingere ad acquerello,22,1
come dipingere su tela con acrilici,21,10
disegni natura morta bianco e nero,21,"9,7"
vorrei lavorare disegnando,21,"8,8"
terre naturali per dipingere,21,"7,2"
misure pennelli pittura,21,"5,6"
colore materico,21,"5,2"
giallo nero che colore esce,21,"4,8"
fotografare opere d'arte,21,"4,7"
proiezione accidentale,21,"3,9"
come si colora il tramonto,21,"3,7"
tecnica pittura olio,21,"3,6"
reggipolso,21,"3,5"
arancio e blu che colore esce,21,"3,3"
disegnare onde,21,"3,3"
imparare a disegnare libro,21,"2,9"
dipingere gocce d'acqua,21,"2,1"
arancione piu giallo,21,2
come dipingere una nuvola,21,"1,8"
colori supplementari,21,"1,2"
formazione dei colori,21,"1,2"
come mescolare i colori ad olio,21,"1,1"
autentica quadri,21,"1,1"
dipingere un'onda,21,1
vernice finale damar,21,1
colore opposto al giallo,21,1
misure del corpo umano,20,"8,8"
come dipingere un volto a tempera,20,"8,1"
quanto costa autenticare un quadro,20,"7,8"
nero di marte colore,20,"6,9"
dipingere sui sassi tutorial,20,6
proporzioni figura umana,20,"5,8"
come dipingere la neve,20,"5,8"
lunghezza braccia uomo,20,"5,2"
blu e nero che colore esce,20,"4,2"
giallo + viola,20,"4,1"
colla di coniglio preparazione,20,4
giallo piu nero che colore esce,20,4
che colori usare per dipingere i sassi,20,"3,7"
colori delle terre naturali,20,"3,4"
arancione e giallo che colore esce,20,"3,2"
colori materici,20,"3,2"
materiale da pittura,20,"3,1"
azzurro e viola che colore esce,20,"2,7"
imprimitura per acrilico,20,"2,2"
prospettiva 3 punti di fuga,20,"1,5"
come si diluiscono i colori ad olio,20,"1,4"
dipingere paesaggi primaverili,20,1
prospettiva centrale cubo,20,1
dipinti paesaggi di montagna,19,"9,4"
artista pittore inquadramento previdenziale,19,"8,6"
partita iva artista artigiano,19,"8,1"
come dipingere il mare in tempesta,19,8
ritratto ad acquerello,19,"7,8"
medium per pittura ad olio,19,"7,6"
naso disegnato a matita,19,"5,7"
come ottenere i colori con le mescolanze,19,"5,3"
corso di disegno libro,19,"5,2"
imprimitura tela per colori acrilici,19,"5,1"
materiale da disegno e pittura nomi,19,"3,9"
marrone e azzurro che colore esce,19,"3,2"
paesaggio acquerello tutorial,19,"2,9"
diluire i colori ad olio,19,"2,7"
libri disegno a matita,19,"2,6"
bob ross quadri,19,"2,5"
pittura e disegno,19,"1,2"
colori ad olio come si diluiscono,19,"1,1"
pitturare sassi,18,"8,4"
guadagnare disegnando magliette,18,"6,1"
come disegnare prospettiva,18,"5,7"
olio di lino crudo pittura,18,5
viola+giallo,18,"3,8"
disegnare caricature a mano,18,"3,1"
colori primari secondari e complementari scuola primaria,18,"2,9"
composizione pittorica,18,"2,6"
imprimitura acrilica,18,"1,5"
prospettiva a tre punti,18,"1,2"
come scurire il rosso,18,1
rosso e blu colori complementari,18,1
certificato autenticità quadri,18,1
artisti per hobby,17,"9,6"
tecnica di pittura iperrealista,17,"9,4"
dipingere con acrilico su tela,17,"8,8"
colore saturo significato,17,"8,1"
azzurro più verde,17,"6,6"
punti di fuga prospettiva accidentale,17,"6,3"
verde giallo che colore esce,17,"4,8"
gesso su tela,17,"4,5"
costruire un telaio per dipinti,17,"3,9"
trementina pittura,17,"3,7"
come vendere le proprie opere d'arte,17,"3,4"
paesaggi da colorare ad acquerello,17,"3,2"
come colorare un albero con le matite colorate,17,"3,2"
colori conplementari,17,"2,5"
come riportare un disegno su tela,17,"2,4"
giallo freddo,17,"2,1"
disegnare un paesaggio di montagna,17,"2,1"
chiaroscuro pittura,17,"2,1"
verde con blu,17,2
come pulire i pennelli dai colori ad olio,17,1
tecnica pittura olio bagnato su bagnato,17,1
come schiarire un colore,17,1
proporzione testa corpo,17,1
colore opposto al blu,17,1
come si ottengono i colori,16,15
acrilico e sabbia,16,"8,4"
il mare in pittura,16,"7,8"
come disegnare un naso realistico,16,"6,9"
come dipingere un viso,16,"6,5"
colori per dipingere i sassi,16,"6,3"
materiale disegno pittura,16,"5,3"
costruire telaio per tela grandi dimensioni,16,"4,9"
verdaccio tecnica,16,"4,1"
corsi di pittura ad olio,16,"3,6"
come dipingere il cielo,16,"3,4"
tutorial pittura a olio,16,"3,4"
arancio e viola,16,"3,3"
trementina pittura ad olio,16,"3,3"
immagini da dipingere ad olio,16,"3,3"
come vendere disegni,16,3
come dare profondità a un dipinto,16,3
disegno su pietra,16,"2,9"
come disegnare il naso in un ritratto,16,"2,7"
i colori usati da caravaggio,16,2
tabella colori secondari,16,"1,9"
tecnica caravaggio,16,"1,6"
come usare i colori a olio,16,"1,4"
tecnica della campitura,16,1
imprimitura colla di coniglio,16,1
paesaggi semplici da dipingere,16,1
etichette per dipinti,15,"8,6"
come dipingere con gli acrilici,15,"6,9"
marche matite colorate professionali,15,"6,9"
prismacolor cosa sono,15,"6,8"
pittura ad olio con spatola,15,"4,9"
come colorare un tramonto,15,"4,2"
mischiare verde e giallo,15,4
rosa e celeste che colore esce,15,"3,8"
blog disegno,15,"3,3"
colore incarnato pittura,15,"3,3"
come dare profondità ad un dipinto,15,"3,2"
rosso con blu,15,"3,1"
pittura olio tecnica,15,"2,7"
migliori manuali di disegno,15,"2,6"
libro imparare a disegnare,15,"2,6"
caravaggio tecnica pittorica,15,2
come disegnare le montagne,15,2
ruben belloso corsi,15,"1,9"
formazione colori secondari,15,"1,2"
disegnare le nuvole,15,"1,1"
il complementare del rosso è,15,1
disegni da dipingere su tela,15,1
vernice damar uso,15,1
disegnare acqua,15,1
rosso + nero colore,14,"9,1"
dipingere ad olio su tela,14,"8,1"
come creare una caricatura,14,"7,8"
fotografare un quadro,14,"6,9"
uomo vitruviano disegno,14,"5,7"
blog disegni,14,"4,8"
imparare a dipingere ad olio,14,"3,9"
cesto di frutta caravaggio da colorare,14,"3,7"
regime fiscale artisti,14,"3,5"
colla coniglio preparazione,14,"3,1"
verde e bianco che colore esce,14,3
qual è il colore complementare del verde,14,"2,3"
imparare a disegnare libri,14,"1,9"
composizione pittura,14,"1,8"
disegnare un cubo in prospettiva,14,"1,8"
la ragazza con l'orecchino di perla disegno,14,"1,6"
libri per imparare a dipingere,14,"1,1"
come dipingeva caravaggio,14,1
tecnica bagnato su bagnato,14,1
paesaggi da pitturare,14,1
bagnato su bagnato,14,1
la canestra di frutta di caravaggio,13,"8,8"
dipingere un paesaggio ad olio,13,"7,4"
mescolare acrilico e olio,13,"6,7"
mischiare giallo e verde,13,"4,7"
dipingere con i colori ad olio,13,"3,2"
disegno tecnico prospettiva accidentale,13,"2,8"
come dipingere un drappeggio,13,"2,7"
tecnica fiamminga,13,"2,7"
disegnare gocce d'acqua,13,"2,1"
composizione disegno,13,2
la grisaglia,13,"1,7"
colori terre,13,"1,7"
prospettiva aerea disegno,13,"1,2"
mischiando i colori,13,"1,2"
damar vernice finale,13,"1,1"
colori primari complementari,13,"1,1"
prospettiva a volo d'uccello come si realizza,13,1
prospettiva 4 punti di fuga,13,1
l'armonia dei colori,13,1
certificato autenticità fotografia,13,1
vernice damar per olio,13,1
canestra di frutta caravaggio analisi,12,"8,7"
pennarelli per scrivere sui sassi,12,"8,2"
set pittura olio,12,"7,9"
tutorial sulla pittura materica,12,"6,3"
dipingere alla prima,12,"5,9"
luci e ombre nella pittura,12,"5,9"
giallo terra di siena,12,"5,7"
quali sono i colori delle terre,12,"4,6"
giallo e azzurro mescolati,12,"3,8"
frank reilly,12,"3,4"
autenticazione quadri,12,"3,3"
come fotografare un quadro ad olio,12,"2,8"
regole composizione pittorica,12,"1,8"
vernice finale mastice,12,"1,1"
regole di composizione nel disegno,12,1
mischio colori,12,1
imprimitura su tavola di legno,12,1
caravaggio tecnica di pittura,12,1
cubo prospettiva,12,1
dipingere in acrilico,11,10
con quali colori si ottiene il rosso,11,"9,2"
paesaggi in acquerello,11,"5,9"
come ottenere terra d'ombra bruciata,11,"5,6"
dipingere le onde del mare,11,"5,4"
come dipingere le rocce a olio,11,"5,1"
verde vescica come si ottiene,11,"4,5"
verde scuro come si ottiene,11,"4,4"
mescolando i colori primari si ottiene,11,"3,8"
assonometria accidentale,11,"3,3"
quali colori usava caravaggio,11,"3,1"
disegno muscoli corpo umano,11,"2,1"
imprimitura tavola,11,"1,6"
certificato autenticità opera d'arte,11,"1,6"
tecnica della grisaglia pittura,11,1
tecnica di caravaggio,11,1
come pulire pennelli olio,11,1
giallo scuro come si fa,11,1
rosso colore complementare,11,1
i lustri,10,"7,8"
video pittura materica,10,"7,7"
pittura materica con gesso,10,"6,3"
arancione più verde,10,"5,2"
verde e azzurro che colore esce,10,5
rosa e azzurro che colore esce,10,4
blu più verde che colore esce,10,"3,9"
giallo e bianco che colore esce,10,"3,7"
drappeggio pittura,10,"3,2"
alberi pittura,10,"2,9"
come diluire colori a olio,10,"2,5"
campitura di colore,10,"2,1"
olio per dipingere,10,"1,9"
tecnica pittorica di caravaggio,10,"1,9"
disegno con matite colorate,10,"1,8"
velature pittura olio,10,"1,1"
materiale per pittura ad olio,10,1
paesaggi invernali dipinti a olio,10,1
vendere acquerelli online,9,"8,6"
disegno proporzioni corpo umano,9,"7,4"
come disegnare una prospettiva centrale,9,"7,3"
viola piu giallo,9,5
come vendere quadri fatti da me,9,"1,6"
come disegnare un panneggio,9,"1,2"
che colore esce se mischio rosso e blu,9,1
fare disegni su commissione,9,1
colori a olio come usarli,9,1
come incorniciare un disegno,8,15
dipingere cielo stellato,8,10
come incorniciare un acquerello,8,"8,8"
sistema munsell dei colori,8,"6,4"
come fare verde scuro,8,"5,8"
arancio piu blu,8,5
pittura a olio tecnica a spatola,8,"4,3"
viola si ottiene mescolando,8,"3,9"
verde e azzurro che colore danno,8,"3,6"
prospettiva centrale di una casa,8,"1,6"
punti di vista prospettiva,8,1
disegno e pittura ad olio,8,1
come vendere dei quadri,7,"8,3"
come disegnare la pioggia,7,"7,3"
cos'è la prospettiva aerea,7,7
tecnica del panneggio,7,"6,7"
se mischio rosso e verde,7,3
disegnoepittura,7,1
fotografare disegni,7,1
materiali per pittura materica,7,1
linea di orizzonte prospettiva,7,1
chiaroscuro sfera,7,1
pietre disegnate,6,10
paesaggi pittura a olio,6,9
come dipingere le onde del mare ad olio,6,"6,7"
descrizione di un paesaggio marino al tramonto,6,"6,5"
verde con giallo,6,"5,5"
ritratto ad acquerello tutorial,6,"3,5"
punto di fuga disegno,6,"2,7"
come disegnare le nuvole a matita,6,"2,3"
caricature come si fanno,6,2
prospettiva a tre punti di fuga,6,2
giallo più arancione che colore esce,6,2
olio di papavero pittura,6,2
certificato di autenticità quadro,6,"1,3"
come nasce un fumetto,5,3
prospettiva paesaggio disegno,5,"2,8"
rosso piu arancione,5,2
materiali disegno pittura,5,1
come disegnare un drappeggio,5,1
come pulire i pennelli dalla pittura ad olio,5,1
negozi di pittura,4,33
diventare pittore quotato,4,18
come fare il colore oro antico,4,14
come pulire un quadro a olio,4,11
come incollare carta su tela,4,11
effetto vetro disegno,4,9
prospettiva accidentale città,4,9
grattacieli in prospettiva disegno,4,8
partita iva da artista,4,2
tramonti disegno,4,"1,8"
vendere fotografie senza partita iva,4,"1,5"
pulire i pennelli a olio,4,1
guadagnare con i propri disegni,4,1
tutorial caricatura,3,"6,3"
john e robinson,3,"2,7"
dipingere pelo animali,3,1
come fare il giallo scuro,2,1
manuale di disegno a matita pdf,1,23
come si fa il giallo scuro,1,1
